agent,turn_order,n,win_rate,avg_final_vp,avg_rank
CONVEX,0,37,0.0,2.945945945945946,2.2432432432432434
CONVEX,1,31,0.0,2.7096774193548385,2.225806451612903
CONVEX,2,32,0.0,2.90625,2.28125
R,0,34,0.0,2.676470588235294,2.2941176470588234
R,1,30,0.0,2.7333333333333334,2.4
R,2,36,0.0,2.5277777777777777,2.3055555555555554
VALUE,0,29,1.0,10.03448275862069,1.0
VALUE,1,39,1.0,10.076923076923077,1.0
VALUE,2,32,1.0,10.0,1.0
