lineup,n_games,avg_turns,avg_duration_s,avg_vp_std,avg_vp_gini,avg_vp_range
"CONVEX,GREEDY,R,R",300,330.8566666666667,0.6400868033333333,2.8398875766666665,0.26643072333333334,7.156666666666666
"CONVEX,GREEDY,WR,WR",300,260.3333333333333,0.6057241633333333,2.83639561,0.26205393,7.133333333333334
