agent_i,AB,CONVEX,GREEDY,MCTS,R,VALUE,WR
AB,,,,7.013333333333334,7.573333333333333,,
CONVEX,,,0.03,,-0.7816666666666666,,
GREEDY,,-0.03,,,-0.8116666666666666,,
MCTS,-7.013333333333334,,,,0.56,,
R,-7.573333333333333,0.7816666666666666,0.8116666666666666,-0.56,0.0,-7.288333333333333,-0.44166666666666665
VALUE,,,,,7.288333333333333,,6.846666666666667
WR,,,,,0.44166666666666665,-6.846666666666667,
