agent,turn_order,n,win_rate,avg_final_vp,avg_rank
CONVEX,0,37,0.13513513513513514,4.72972972972973,2.324324324324324
CONVEX,1,31,0.22580645161290322,5.193548387096774,2.2580645161290325
CONVEX,2,32,0.125,4.84375,2.34375
MCTS,0,29,0.4482758620689655,7.482758620689655,1.7241379310344827
MCTS,1,39,0.717948717948718,8.871794871794872,1.3076923076923077
MCTS,2,32,0.5625,7.8125,1.5625
R,0,34,0.17647058823529413,5.411764705882353,2.176470588235294
R,1,30,0.3,5.966666666666667,2.1
R,2,36,0.2777777777777778,6.277777777777778,1.8888888888888888
