agent,turn_order,n,win_rate,avg_final_vp,avg_rank
CONVEX,0,37,0.0,3.135135135135135,2.1621621621621623
CONVEX,1,31,0.0,2.7096774193548385,2.193548387096774
CONVEX,2,32,0.0,2.90625,2.1875
R,0,34,0.0,2.588235294117647,2.323529411764706
R,1,30,0.0,2.566666666666667,2.433333333333333
R,2,36,0.0,2.4722222222222223,2.361111111111111
VALUE,0,29,1.0,10.068965517241379,1.0
VALUE,1,39,1.0,10.051282051282051,1.0
VALUE,2,32,1.0,10.03125,1.0
