agent,turn_order,n,win_rate,avg_final_vp,avg_rank
AB,0,29,0.9655172413793104,10.0,1.0344827586206897
AB,1,39,1.0,10.051282051282051,1.0
AB,2,32,1.0,10.0,1.0
CONVEX,0,37,0.0,3.0,2.1621621621621623
CONVEX,1,31,0.0,2.6129032258064515,2.225806451612903
CONVEX,2,32,0.03125,3.21875,2.1875
R,0,34,0.0,2.5588235294117645,2.411764705882353
R,1,30,0.0,2.433333333333333,2.433333333333333
R,2,36,0.0,2.5555555555555554,2.361111111111111
