agent,turn_order,n,win_rate,avg_final_vp,avg_rank
CONVEX,0,37,0.32432432432432434,6.0,1.8918918918918919
CONVEX,1,31,0.2903225806451613,5.67741935483871,2.096774193548387
CONVEX,2,32,0.1875,5.21875,2.125
R,0,34,0.20588235294117646,5.882352941176471,2.1176470588235294
R,1,30,0.23333333333333334,5.233333333333333,2.1333333333333333
R,2,36,0.3055555555555556,5.805555555555555,2.0833333333333335
WR,0,29,0.4482758620689655,6.896551724137931,1.793103448275862
WR,1,39,0.41025641025641024,7.102564102564102,1.7692307692307692
WR,2,32,0.59375,8.03125,1.46875
