{
  "created_at": "2026-03-12 10:20:44",
  "num_games_per_combo": 5,
  "lambda_values": [
    0.0,
    0.222222,
    0.444444,
    0.666667,
    0.888889,
    1.111111,
    1.333333,
    1.555556,
    1.777778,
    2.0
  ],
  "selfish_agents": [
    "GREEDY",
    "AB",
    "MCTS",
    "VALUE",
    "WR"
  ],
  "seed_start": 1
}