agent,turn_order,n,win_rate,avg_final_vp,avg_rank
CONVEX,0,37,0.21621621621621623,5.135135135135135,2.1621621621621623
CONVEX,1,31,0.16129032258064516,4.806451612903226,2.3870967741935485
CONVEX,2,32,0.15625,4.625,2.21875
MCTS,0,29,0.6206896551724138,7.517241379310345,1.5172413793103448
MCTS,1,39,0.5641025641025641,7.717948717948718,1.564102564102564
MCTS,2,32,0.65625,8.625,1.4375
R,0,34,0.2647058823529412,6.529411764705882,1.9705882352941178
R,1,30,0.1,4.766666666666667,2.3
R,2,36,0.25,5.638888888888889,2.1666666666666665
