agent,turn_order,n,win_rate,avg_final_vp,avg_rank
CONVEX,0,37,0.32432432432432434,6.054054054054054,1.972972972972973
CONVEX,1,31,0.22580645161290322,5.258064516129032,2.193548387096774
CONVEX,2,32,0.1875,5.125,2.1875
R,0,34,0.17647058823529413,5.617647058823529,2.1176470588235294
R,1,30,0.26666666666666666,5.6,2.033333333333333
R,2,36,0.25,6.027777777777778,2.0
WR,0,29,0.4482758620689655,6.551724137931035,1.896551724137931
WR,1,39,0.5641025641025641,7.769230769230769,1.564102564102564
WR,2,32,0.53125,7.78125,1.5625
