agent,turn_order,n,win_rate,avg_final_vp,avg_rank
AB,0,29,1.0,10.03448275862069,1.0
AB,1,39,1.0,10.051282051282051,1.0
AB,2,32,0.96875,9.8125,1.03125
CONVEX,0,37,0.02702702702702703,3.189189189189189,2.135135135135135
CONVEX,1,31,0.0,2.6774193548387095,2.129032258064516
CONVEX,2,32,0.0,3.28125,2.25
R,0,34,0.0,2.5294117647058822,2.411764705882353
R,1,30,0.0,2.6,2.5
R,2,36,0.0,2.4722222222222223,2.4444444444444446
