lambda,selfish_agent,game_idx,seed,prod_gini,prod_min,prod_max,prod_range,winner_agent,num_turns
0.0,GREEDY,0,1,0.137931,0.388889,0.722222,0.333333,GREEDY,378
0.0,GREEDY,1,2,0.179894,0.305556,0.777778,0.472222,GREEDY,246
2.0,GREEDY,0,1,0.137931,0.388889,0.722222,0.333333,R,125
2.0,GREEDY,1,2,0.153005,0.305556,0.694444,0.388889,CONVEX,154
