agent,turn_order,n,win_rate,avg_final_vp,avg_rank
CONVEX,0,37,0.24324324324324326,5.378378378378378,2.081081081081081
CONVEX,1,31,0.1935483870967742,5.064516129032258,2.2903225806451615
CONVEX,2,32,0.21875,5.21875,2.1875
GREEDY,0,29,0.3103448275862069,6.172413793103448,1.8275862068965518
GREEDY,1,39,0.28205128205128205,5.948717948717949,2.0
GREEDY,2,32,0.28125,6.09375,1.9375
R,0,34,0.47058823529411764,6.852941176470588,1.7058823529411764
R,1,30,0.6,7.633333333333334,1.6
R,2,36,0.4166666666666667,6.5,1.8888888888888888
