agent,turn_order,n,win_rate,avg_final_vp,avg_rank
CONVEX,0,37,0.21621621621621623,5.297297297297297,2.0
CONVEX,1,31,0.1935483870967742,5.387096774193548,2.3225806451612905
CONVEX,2,32,0.21875,5.21875,2.21875
GREEDY,0,29,0.27586206896551724,6.448275862068965,1.896551724137931
GREEDY,1,39,0.358974358974359,6.0,1.9230769230769231
GREEDY,2,32,0.28125,5.59375,2.0625
R,0,34,0.3235294117647059,6.9411764705882355,1.6764705882352942
R,1,30,0.6333333333333333,7.9,1.4333333333333333
R,2,36,0.3888888888888889,6.361111111111111,1.8888888888888888
